marks,names,belong,url
AFTON,Afton Tileworks,1,https://www.scottishbrickhistory.co.uk/?p=62092&preview=true
AFTON,Afton Brick and Tile Works,1,https://www.scottishbrickhistory.co.uk/afton-3/
AFTON,Afton Brick and Tile Works,1,https://www.scottishbrickhistory.co.uk/afton-4/
AFTON,Afton Brick and Tile Works,1,https://www.scottishbrickhistory.co.uk/afton/
AFTON,Afton Brick and Tile Works,1,https://www.scottishbrickhistory.co.uk/afton-2/
AFTON,Afton Brick and Tile Works,2,https://www.scottishbrickhistory.co.uk/afton-6/
AFTON NEW CUMNOCK,Afton Brick and Tile Works,1,https://www.scottishbrickhistory.co.uk/afton-new-cumnock/
AFTON NEW CUMNOCK,Afton Brick and Tile Works,1,https://www.scottishbrickhistory.co.uk/afton-new-cumnock-3/
AFTON NEW CUMNOCK,Afton Brick and Tile Works,1,https://www.scottishbrickhistory.co.uk/afton-new-cumnock-2/
AFTON NEW CUMNOCK,Afton Brick and Tile Works,2,https://www.scottishbrickhistory.co.uk/afton-new-cumnock-4/
AFTON NEW CUMNOCK,Afton Brick and Tile Works,2,https://www.scottishbrickhistory.co.uk/?p=74704&preview=true
AFTON 1963,Afton Brick and Tile Works,1,https://www.scottishbrickhistory.co.uk/19-afton-63/
AFTON 68 (T)HISTLE,Afton Brick and Tile Works,1,https://www.scottishbrickhistory.co.uk/afton-68-thistle/
AFTON 69,Afton Brick and Tile Works,1,https://www.scottishbrickhistory.co.uk/afton-69/
AFTON 73,Afton Brick and Tile Works,2,https://www.scottishbrickhistory.co.uk/?p=74709&preview=true
AFTON 74,Afton Brick and Tile Works,2,https://www.scottishbrickhistory.co.uk/?p=74711&preview=true
AFTON 75,Afton Brick and Tile Works,2,https://www.scottishbrickhistory.co.uk/afton-75/
AVON,Afton Brick and Tile Works,2,https://www.scottishbrickhistory.co.uk/?p=62659&preview=true
AVONBRIDGE_,Afton Brick and Tile Works,1,https://www.scottishbrickhistory.co.uk/avonbridge/
AIRDRIE,Airdrie Brickworks,1,https://www.scottishbrickhistory.co.uk/airdrie-2/
AIRDRIE,Airdrie Brickworks,1,https://www.scottishbrickhistory.co.uk/airdrie-3/
AT,Alexandra Transport Company,1,https://www.scottishbrickhistory.co.uk/at/
ATC,Alexandra Transport Company,1,https://www.scottishbrickhistory.co.uk/a-t-c/
ATC,Alexandra Transport Company,1,https://www.scottishbrickhistory.co.uk/atc/
ATC,Alexandra Transport Company,1,https://www.scottishbrickhistory.co.uk/atc/
ATC,Alexandra Transport Company,1,https://www.scottishbrickhistory.co.uk/atc-3/
ATC RB,Alexandra Transport Company,1,https://www.scottishbrickhistory.co.uk/atc-rb/
ASBESTOS  ,Asbestic Sand Brick Company,2,https://www.scottishbrickhistory.co.uk/asbestos/
BOTHWELL PARK,Bothwell Park Brickworks,1,https://www.scottishbrickhistory.co.uk/bothwell-park/
BOTHWELL PARK,Bothwell Park Brickworks,1,https://www.scottishbrickhistory.co.uk/bothwell-park-2/
BOTHWELL PARK聽,Bothwell Park Brickworks,1,https://www.scottishbrickhistory.co.uk/bothwell-park-3/
BOTHWELL PARK,Bothwell Park Brickworks,1,https://www.scottishbrickhistory.co.uk/bothwell-park-4/
BOTHWELL PARK QUARRIES & BRICK WORKS LD,Bothwell Park Brickworks,1,https://www.scottishbrickhistory.co.uk/bothwell-park-quarries-brick-works-ld/
SUMMERSTON,Bothwell Park Brickworks,1,https://www.scottishbrickhistory.co.uk/summerston/
SUMMERSTON,Bothwell Park Brickworks,1,https://www.scottishbrickhistory.co.uk/summerston-2/
SUPERMAG,Bothwell Park Brickworks,1,https://www.scottishbrickhistory.co.uk/supermag/
CARFIN,Carfin Brickworks,1,https://www.scottishbrickhistory.co.uk/carfin/
CARFIN,Carfin Brickworks,1,https://www.scottishbrickhistory.co.uk/carfin-2/
CARFIN,Carfin Brickworks,1,https://www.scottishbrickhistory.co.uk/carfin-3/
CARFIN COAL & FIRE CLAY COMY,Carfin Brickworks,1,https://www.scottishbrickhistory.co.uk/carfin-coal-fire-clay-comy/
COAL CO CARFIN,Carfin Brickworks,1,https://www.scottishbrickhistory.co.uk/coal-co-carfin/
DIXON,Carfin Brickworks,1,https://www.scottishbrickhistory.co.uk/dixon-3/
DIXON,Carfin Brickworks,1,https://www.scottishbrickhistory.co.uk/dixon-3/
DIXON,Carfin Brickworks,1,https://www.scottishbrickhistory.co.uk/dixon/
DIXON,Carfin Brickworks,1,https://www.scottishbrickhistory.co.uk/dixon-2/
DIXON A,Carfin Brickworks,1,https://www.scottishbrickhistory.co.uk/dixon-a/
DIXON G,Carfin Brickworks,1,https://www.scottishbrickhistory.co.uk/dixon-g/
DIXON G,Carfin Brickworks,1,https://www.scottishbrickhistory.co.uk/dixon-g-2/
G COY  ,Carfin Brickworks,2,https://www.scottishbrickhistory.co.uk/g-coy/
JAS GOLDIE & SON SHAWFIELD TOLL GLASGOW 1887,Carfin Brickworks,1,https://www.scottishbrickhistory.co.uk/jas-goldie-son-shawfield-toll-glasgow/
JAS GOLDIE & SON SHAWFIELD TOLL GLASGOW 1887,Carfin Brickworks,1,https://www.scottishbrickhistory.co.uk/jas-goldie-son-shawfield-toll-glasgow-1883/
JAS GOLDIE & SON SHAWFIELD TOLL GLASGOW 1887,Carfin Brickworks,1,https://www.scottishbrickhistory.co.uk/jas-goldie-son-crow-road-partick-1884/
JAS GOLDIE & SON SHAWFIELD TOLL GLASGOW 1887,Carfin Brickworks,1,https://www.scottishbrickhistory.co.uk/jas-goldie-son-shawfield-toll-glasgow-1884/
JAS GOLDIE & SON SHAWFIELD TOLL GLASGOW 1887,Carfin Brickworks,1,https://www.scottishbrickhistory.co.uk/jas-goldie-son-shawfield-toll-glasgow-1887/
LOCHSIDE 1/4,Carfin Brickworks,2,https://www.scottishbrickhistory.co.uk/lochside-14/
CARFIN COAL & FIRE CLAY COMY,Carfin Colliery Brickworks,1,https://www.scottishbrickhistory.co.uk/carfin-coal-fire-clay-comy/
COAL CO CARFIN,Carfin Colliery Brickworks,1,https://www.scottishbrickhistory.co.uk/coal-co-carfin/
ATLAS COATBRIDGE,Carnbroe Fire Brick Works,1,https://www.scottishbrickhistory.co.uk/atlas-coatbridge/
ATLAS COATBRIDGE,Carnbroe Fire Brick Works,1,https://www.scottishbrickhistory.co.uk/atlas-coatbridge-2/
CARNBROE,Carnbroe Fire Brick Works,1,https://www.scottishbrickhistory.co.uk/carnbroe/
CARNBROE,Carnbroe Fire Brick Works,1,https://www.scottishbrickhistory.co.uk/carnbroe-2/
CALDER COL(TNESS),Coltness Brickworks Limited,2,https://www.scottishbrickhistory.co.uk/calder-coltness/
COLTNESS,Coltness Brickworks Limited,1,https://www.scottishbrickhistory.co.uk/coltness-9/
COLTNESS,Coltness Brickworks Limited,1,https://www.scottishbrickhistory.co.uk/coltness-7/
COLTNESS,Coltness Brickworks Limited,1,https://www.scottishbrickhistory.co.uk/coltness-3/
COLTNESS,Coltness Brickworks Limited,1,https://www.scottishbrickhistory.co.uk/coltness-5/
COLTNESS,Coltness Brickworks Limited,1,https://www.scottishbrickhistory.co.uk/coltness/
COLTNESS,Coltness Brickworks Limited,1,https://www.scottishbrickhistory.co.uk/coltness-2/
COLTNESS,Coltness Brickworks Limited,1,https://www.scottishbrickhistory.co.uk/coltness-4/
COLTNESS,Coltness Brickworks Limited,1,https://www.scottishbrickhistory.co.uk/coltness-6/
COLTNESS,Coltness Brickworks Limited,1,https://www.scottishbrickhistory.co.uk/coltness-10/
COLTNESS 30,Coltness Brickworks Limited,1,https://www.scottishbrickhistory.co.uk/coltness-30/
COLTNESS NEWMAINS,Coltness Brickworks Limited,1,https://www.scottishbrickhistory.co.uk/coltness-newmains/
COLTNESS STEPENDS,Coltness Brickworks Limited,1,https://www.scottishbrickhistory.co.uk/coltness-stepends/
COLTNESS 18鈥,Coltness Brickworks Limited,1,https://www.scottishbrickhistory.co.uk/?p=53033&preview=true
COLTNESS 24鈥,Coltness Brickworks Limited,1,https://www.scottishbrickhistory.co.uk/coltness-24/
COLTNESS 42,Coltness Brickworks Limited,2,https://www.scottishbrickhistory.co.uk/coltness-42/
COLTNESS 63鈥,Coltness Brickworks Limited,1,https://www.scottishbrickhistory.co.uk/coltness-63/
COLTNESS 84,Coltness Brickworks Limited,1,https://www.scottishbrickhistory.co.uk/coltness-84/
MARYKIRK,Coltness Brickworks Limited,1,https://www.scottishbrickhistory.co.uk/marykirk/
NEWBATTLE BRICKWORK,Coltness Brickworks Limited,1,https://www.scottishbrickhistory.co.uk/newbattle-brickwork/
STEIN 80 3498,Coltness Brickworks Limited,1,https://www.scottishbrickhistory.co.uk/stein-80-3498/
STEIN 99   108,Coltness Brickworks Limited,1,https://www.scottishbrickhistory.co.uk/?p=59909&preview=true
STEPEND,Coltness Brickworks Limited,2,https://www.scottishbrickhistory.co.uk/stepend/
STEPENDS,Coltness Brickworks Limited,1,https://www.scottishbrickhistory.co.uk/stepends/
1..       ,Coltness Brickworks Limited,2,https://www.scottishbrickhistory.co.uk/1/
BUCHANAN PATENT,Craigton Brickworks,1,https://www.scottishbrickhistory.co.uk/buchanan-patent/
CRAIGTON,Craigton Brickworks,1,https://www.scottishbrickhistory.co.uk/craigton/
CRAIGTON BRICKMAKING CO LTD PAISLEY ROAD,Craigton Brickworks,1,https://www.scottishbrickhistory.co.uk/craigton-brickmaking-co-ltd-paisley-road/
GAIRLOCH  ,Craigton Brickworks,2,https://www.scottishbrickhistory.co.uk/gairloch-2/
GAIRLOCH  ,Craigton Brickworks,1,https://www.scottishbrickhistory.co.uk/gairloch/
PATENT A & J MACDONALD GLASGOW,Craigton Brickworks,1,https://www.scottishbrickhistory.co.uk/patent-a-j-macdonald-glasgow/
PATENT JAMES ALLAN CRAIGHALL,Craigton Brickworks,1,https://www.scottishbrickhistory.co.uk/?p=53617&preview=true
R CORBET NO2 GLASGOW,Craigton Brickworks,1,https://www.scottishbrickhistory.co.uk/r-corbet-no-2-glasgow/
A.PATRICK & CO CROWN BRAND,Crown Fire Clay Works,1,https://www.scottishbrickhistory.co.uk/a-patrick-co-crown-brand/
CORONA,Crown Fire Clay Works,1,https://www.scottishbrickhistory.co.uk/corona/
CROWN,Crown Fire Clay Works,1,https://www.scottishbrickhistory.co.uk/crown/
CROWN,Crown Fire Clay Works,2,https://www.scottishbrickhistory.co.uk/crown-2/
CROWN FIRE CLAY WORKS GLASGOW,Crown Fire Clay Works,1,https://www.scottishbrickhistory.co.uk/?p=49639&preview=true
PATENT WOODEND,Crown Fire Clay Works,1,https://www.scottishbrickhistory.co.uk/patent-woodend/
RB,Drongan Pottery,1,https://www.scottishbrickhistory.co.uk/rb/
RB,Drongan Pottery,1,https://www.scottishbrickhistory.co.uk/rb-2/
RB,Drongan Pottery,1,https://www.scottishbrickhistory.co.uk/r-b/
RB,Drongan Pottery,1,https://www.scottishbrickhistory.co.uk/r-b-3/
RB,Drongan Pottery,1,https://www.scottishbrickhistory.co.uk/r-b-2/
RB,Drongan Pottery,1,https://www.scottishbrickhistory.co.uk/r-b-4/
RB,Drongan Pottery,1,https://www.scottishbrickhistory.co.uk/r-b-5/
RB,Drongan Pottery,1,https://www.scottishbrickhistory.co.uk/rb-13/
GREENHALL HIGH BLANYTRE,Greenhill Fireclay Company,1,https://www.scottishbrickhistory.co.uk/greenhall-high-blantyre/
GREENHALL HIGH BLANTYRE,Greenhill Fireclay Company,1,https://www.scottishbrickhistory.co.uk/greenhall-high-blantyre-2/
GREENHILL,Greenhill Fireclay Company,1,https://www.scottishbrickhistory.co.uk/greenhill-16/
GREENHILL,Greenhill Fireclay Company,1,https://www.scottishbrickhistory.co.uk/greenhill/
GREENHILL,Greenhill Fireclay Company,1,https://www.scottishbrickhistory.co.uk/greenhill-12/
GREENHILL,Greenhill Fireclay Company,1,https://www.scottishbrickhistory.co.uk/greenhill-11/
GREENHILL,Greenhill Fireclay Company,1,https://www.scottishbrickhistory.co.uk/greenhill-2/
GREENHILL,Greenhill Fireclay Company,1,https://www.scottishbrickhistory.co.uk/greenhill-3/
GREENHILL,Greenhill Fireclay Company,1,https://www.scottishbrickhistory.co.uk/greenhill-5/
GREENHILL,Greenhill Fireclay Company,1,https://www.scottishbrickhistory.co.uk/greenhill-6/
GREENHILL,Greenhill Fireclay Company,1,https://www.scottishbrickhistory.co.uk/greenhill-7/
GREENHILL,Greenhill Fireclay Company,1,https://www.scottishbrickhistory.co.uk/greenhill-8/
GREENHILL,Greenhill Fireclay Company,1,https://www.scottishbrickhistory.co.uk/greenhill-10/
GREENHILL,Greenhill Fireclay Company,1,https://www.scottishbrickhistory.co.uk/?p=50622&preview=true
GREENHILL,Greenhill Fireclay Company,1,https://www.scottishbrickhistory.co.uk/greenhill-15/
GREENHILL OMOA,Greenhill Fireclay Company,1,https://www.scottishbrickhistory.co.uk/greenhill-omoa/
GREENHILL PATENT,Greenhill Fireclay Company,1,https://www.scottishbrickhistory.co.uk/greenhill-patent/
GREENHILL S,Greenhill Fireclay Company,1,https://www.scottishbrickhistory.co.uk/greenhill-s/
GREENHILL S,Greenhill Fireclay Company,1,https://www.scottishbrickhistory.co.uk/?p=50634&preview=true
GREENHILL S,Greenhill Fireclay Company,1,https://www.scottishbrickhistory.co.uk/?p=50636&preview=true
GARNGAD,Greenhill Fireclay Company,1,https://www.scottishbrickhistory.co.uk/garngad-2/
GARNGAD,Greenhill Fireclay Company,1,https://www.scottishbrickhistory.co.uk/garngad-3/
H 349  ,Ibstock Scottish Brick Limited,2,https://www.scottishbrickhistory.co.uk/h-349/
LARKHALL,Larkhall Brickfields,1,https://www.scottishbrickhistory.co.uk/larkhall/
LARKHALL,Larkhall Brickfields,1,https://www.scottishbrickhistory.co.uk/larkhall-2/
LARKHALL,Larkhall Brickfields,1,https://www.scottishbrickhistory.co.uk/larkhall-3/
LARKHALL,Larkhall Brickfields,1,https://www.scottishbrickhistory.co.uk/larkhall-4/
LARKHALL,Larkhall Brickfields,1,https://www.scottishbrickhistory.co.uk/larkhall-5/
LARKHALL,Larkhall Brickfields,1,https://www.scottishbrickhistory.co.uk/?p=53768&preview=true
LARKHALL,Larkhall Brickfields,1,https://www.scottishbrickhistory.co.uk/larkhall-7/
LARKHALL BRICKWORKS LD,Larkhall Brickfields,1,https://www.scottishbrickhistory.co.uk/larkhall-brickfields-ld/
ARMSTRONG SOUTHHOOK KILMARNOCK 91,Southhook Fireclay Works,1,https://www.scottishbrickhistory.co.uk/armstrong-southhook-kilmarnock-91/
C SOUTHHOOK KILMARNOCK XS,Southhook Fireclay Works,2,https://www.scottishbrickhistory.co.uk/c-southhook-kilmarnock-xs/
DANGER ELECTRIC SOUTHHOOK KILMARNOCK,Southhook Fireclay Works,1,https://www.scottishbrickhistory.co.uk/danger-electric-southhook-kilmarnock/
DANGER SOUTHHOOK KILMARNOCK,Southhook Fireclay Works,1,https://www.scottishbrickhistory.co.uk/danger-southhook-kilmarnock/
ELDERSLIE,Southhook Fireclay Works,1,https://www.scottishbrickhistory.co.uk/elderslie/
ELECTRIC CABLES SOUTHHOOK KILMARNOCK ,Southhook Fireclay Works,1,https://www.scottishbrickhistory.co.uk/southhook-kilmarnock-3/
ELECTRIC CABLES SOUTHHOOK KILMARNOCK,Southhook Fireclay Works,1,https://www.scottishbrickhistory.co.uk/electric-cables-southhook-kilmarnock-3/
ELECTRIC CABLES SOUTHHOOK KILMARNOCK E,Southhook Fireclay Works,1,https://www.scottishbrickhistory.co.uk/southhook-kilmarnock/
KENNET,Southhook Fireclay Works,1,https://www.scottishbrickhistory.co.uk/kennet/
KENNET,Southhook Fireclay Works,1,https://www.scottishbrickhistory.co.uk/kennet-2/
KENNET,Southhook Fireclay Works,1,https://www.scottishbrickhistory.co.uk/kennet-3/
LUKE & CO,Southhook Fireclay Works,2,https://www.scottishbrickhistory.co.uk/luke-co/
S & K CO LTD SANQUHAR,Southhook Fireclay Works,1,https://www.scottishbrickhistory.co.uk/s-k-co-ltd-sanquhar-3/
S & K CO LTD SANQUHAR,Southhook Fireclay Works,1,https://www.scottishbrickhistory.co.uk/s-k-co-ltd-sanquhar/
S & K CO LTD SANQUHAR,Southhook Fireclay Works,1,https://www.scottishbrickhistory.co.uk/s-k-co-ltd-sanquhar-2/
S GLENBOIG,Southhook Fireclay Works,1,https://www.scottishbrickhistory.co.uk/s-glenboig/
S GLENBOIG GE 362,Southhook Fireclay Works,1,https://www.scottishbrickhistory.co.uk/s-glenboig-ge-362/
SOUTERHOUSE,Southhook Fireclay Works,1,https://www.scottishbrickhistory.co.uk/souterhouse/
SOUTERHOUSE,Southhook Fireclay Works,1,https://www.scottishbrickhistory.co.uk/souterhouse-2/
SOUTERHOUSE,Southhook Fireclay Works,1,https://www.scottishbrickhistory.co.uk/?p=42661&preview=true
SOUTHHOOK,Southhook Fireclay Works,2,https://www.scottishbrickhistory.co.uk/southhook/
SOUTHHOOK,Southhook Fireclay Works,1,https://www.scottishbrickhistory.co.uk/southhook-3/
SOUTHHOOK,Southhook Fireclay Works,1,https://www.scottishbrickhistory.co.uk/?p=49634&preview=true
SOUTHHOOK,Southhook Fireclay Works,1,https://www.scottishbrickhistory.co.uk/southhook-4/
SOUTHHOOK,Southhook Fireclay Works,1,https://www.scottishbrickhistory.co.uk/southhook-2/
SOUTHHOOK AND SHAWSRIGG,Southhook Fireclay Works,1,https://www.scottishbrickhistory.co.uk/southhook-and-shawsrigg/
SOUTHHOOK AND SHAWSRIGG   SOUTHHOOK CROSSHOUSE KILMARNOCK,Southhook Fireclay Works,1,https://www.scottishbrickhistory.co.uk/southhook-and-shawsrigg-southhook-crosshouses-kilmarnock/
SOUTHHOOK AND SHAWSRIGG KILMARNOCK SCOTLAND NB,Southhook Fireclay Works,1,https://www.scottishbrickhistory.co.uk/southhook-and-shawsrigg-kilmarnock-scotland-nb/
SOUTHHOOK BONNYTON KILMARNOCK,Southhook Fireclay Works,2,https://www.scottishbrickhistory.co.uk/southhook-bonnyton-kilmarnock/
SOUTHHOOK CROSSHOUSE KILMARNOCK N.B,Southhook Fireclay Works,1,https://www.scottishbrickhistory.co.uk/southhook-crosshouse-kilmarnock-nb/
SOUTHHOOK CROSSHOUSE KILMARNOCK N.B,Southhook Fireclay Works,1,https://www.scottishbrickhistory.co.uk/southhook-crosshouse-kilmarnock-nb-2/
SOUTHHOOK CROSSHOUSE KILMARNOCK N.B,Southhook Fireclay Works,1,https://www.scottishbrickhistory.co.uk/?p=39547&preview=true
SOUTHHOOK CROSS HOUSE KILMARNOCK N.B   KILMARNOCK,Southhook Fireclay Works,1,https://www.scottishbrickhistory.co.uk/southhook-crosshouse-kilmarnock-nb-kilmarnock/
SOUTHHOOK CROSSHOUSE KILMARNOCK N.B S S,Southhook Fireclay Works,1,https://www.scottishbrickhistory.co.uk/southhook-crosshouse-kilmarnock-n-b-s-s/
SOUTHHOOK KILMARNOCK,Southhook Fireclay Works,1,https://www.scottishbrickhistory.co.uk/southhook-kilmarnock-8/
SOUTHHOOK KILMARNOCK,Southhook Fireclay Works,1,https://www.scottishbrickhistory.co.uk/southhook-kilmarnock/
SOUTHHOOK KILMARNOCK,Southhook Fireclay Works,1,https://www.scottishbrickhistory.co.uk/southhook-kilmarnock-2/
SOUTHHOOK KILMARNOCK,Southhook Fireclay Works,1,https://www.scottishbrickhistory.co.uk/southhook-kilmarnock-5/
SOUTHHOOK KILMARNOCK,Southhook Fireclay Works,1,https://www.scottishbrickhistory.co.uk/southhook-kilmarnock-7/
SOUTHHOOK KILMARNOCK H,Southhook Fireclay Works,1,https://www.scottishbrickhistory.co.uk/southhook-kilmarnock-h/
SOUTHHOOK KILMARNOCK NB,Southhook Fireclay Works,1,https://www.scottishbrickhistory.co.uk/southhook-kilmarnock-nb/
SOUTHHOOK KILMARNOCK SOUTHHOOK,Southhook Fireclay Works,1,https://www.scottishbrickhistory.co.uk/southhook-kilmarnock-southhook/
SOUTHHOOK KILMARNOCK XS,Southhook Fireclay Works,1,https://www.scottishbrickhistory.co.uk/southhook-kilmarnock/
SOUTHHOOK MADE IN BRITAIN,Southhook Fireclay Works,1,https://www.scottishbrickhistory.co.uk/southhook-fireclay-works/
SOUTHHOOK POTTERIES LTD,Southhook Fireclay Works,2,https://www.scottishbrickhistory.co.uk/southhook-potteries-ltd/
SOUTHHOOK X KILMARNOCK,Southhook Fireclay Works,1,https://www.scottishbrickhistory.co.uk/southhook-kilmarnock-4/
SOUTHHOOK X KILMARNOCK,Southhook Fireclay Works,1,https://www.scottishbrickhistory.co.uk/southhook-x-kilmarnock/
SOUTHHOOK X KILMARNOCK,Southhook Fireclay Works,1,https://www.scottishbrickhistory.co.uk/southhook-kilmarnock-6/
SPIN MC 2,Southhook Fireclay Works,2,https://www.scottishbrickhistory.co.uk/spin-mc-2/
C,Southhook Fireclay Works,2,https://www.scottishbrickhistory.co.uk/aaron-co/
WHIFFLET,Whitehill Tileworks,1,https://www.scottishbrickhistory.co.uk/whifflet/
WHIFFLET,Whitehill Tileworks,1,https://www.scottishbrickhistory.co.uk/whifflet-2/
ANNBANK,William Baird,1,https://www.scottishbrickhistory.co.uk/annbank/
ANNBANK,William Baird,1,https://www.scottishbrickhistory.co.uk/annbank-2/
ANNBANK,William Baird,1,https://www.scottishbrickhistory.co.uk/annbank-3/
ANNBANK,William Baird,1,https://www.scottishbrickhistory.co.uk/annbank-4/
B & SS  ,William Baird,2,https://www.scottishbrickhistory.co.uk/ss-b/
BAIRDS,William Baird,1,https://www.scottishbrickhistory.co.uk/bairds/
NA1 1 2,William Baird,1,https://www.scottishbrickhistory.co.uk/na1-1-2/
TAYLOR BROS,Wishaw Brickworks,1,https://www.scottishbrickhistory.co.uk/taylor-bros/
TAYLOR BROS,Wishaw Brickworks,1,https://www.scottishbrickhistory.co.uk/taylor-bros-2/
TAYLOR & KING AUCHINLEA,Wishaw Brickworks,1,https://www.scottishbrickhistory.co.uk/taylor-king-auchinlea-2/
,,1,https://www.scottishbrickhistory.co.uk/taylor-king-auchinlea-3/